{"session_file":"1733755289364","phone":"79611273692","user_id":"7503093637","app_id":12834,"app_hash":"c84d9229db1d6be95c067b02b126352c","sdk":"SDK 31","app_version":"10.0.8 (38672)","device":"Lenovo K5 Note","device_token":null,"device_token_secret":null,"device_secret":null,"signature":null,"certificate":null,"safetynet":null,"perf_cat":null,"tz_offset":null,"register_time":null,"last_check_time":null,"avatar":null,"first_name":"илья","last_name":null,"username":null,"sex":null,"spam":"none","premium":false,"lang_code":"en","system_lang_code":"en-US","lang_pack":"android","twoFA":null,"proxy":null,"ipv6":null,"module":null,"program":null,"time":"20:53:12(31/08/24)"}